label,segment_mode,steps,gpu_kernels_per_step,cpu_launches_per_step,graph_launches_per_step,gpu_busy_ms,trace_span_ms,trace_step_period_ms,trace_gap_ms,clean_step_ms,clean_gap_ms,clean_idle_frac,correlation_fallback_frac
hf,annotation,5,1198.2,1198.0,0.0,15.310720410156248,73.36472680664062,72.30636560058593,56.995645190429684,40.6483,25.33757958984375,0.623336759221019,0.00033350008337502084
vllm-eager,kernel,11,355.8181818181818,355.8181818181818,0.0,13.021236927379261,47.09110582386364,51.54705993652344,38.525823009144176,25.22,12.198763072620737,0.4836940155678326,0.002836569932358717
vllm-graphonly,kernel,11,384.8181818181818,16.818181818181817,1.0,12.773631858132102,12.817692937677556,12.944841064453126,0.17120920632102354,12.57,-0.20363185813210194,-0.01619982960478138,0.0028297779712668698
vllm-compile,kernel,11,353.8181818181818,353.8181818181818,0.0,12.89959874378551,46.799273703835226,51.95382214355469,39.05422339976918,22.41,9.51040125621449,0.4243820283897586,0.0028515025224830006
vllm-graph,kernel,11,382.8181818181818,16.818181818181817,1.0,12.706540860262784,12.748488880504262,12.767721557617188,0.06118069735440379,12.56,-0.14654086026278357,-0.011667265944489138,0.0028446389496717722
